{
    "CNN Scratch": {
        "train_acc": [
            0.49785714285714283,
            0.7976190476190477,
            0.915952380952381,
            0.9438095238095238,
            0.9514285714285714,
            0.9611904761904762,
            0.9628571428571429,
            0.9652380952380952,
            0.9704761904761905,
            0.9683333333333334,
            0.97,
            0.9757142857142858,
            0.9771428571428571,
            0.9726190476190476,
            0.9759523809523809,
            0.9833333333333333,
            0.9840476190476191,
            0.9821428571428571,
            0.9861904761904762,
            0.9823809523809524,
            0.9857142857142858,
            0.9840476190476191,
            0.9864285714285714,
            0.9857142857142858,
            0.9888095238095238,
            0.9883333333333333,
            0.9923809523809524,
            0.9911904761904762,
            0.9909523809523809,
            0.9895238095238095
        ],
        "val_acc": [
            0.7925,
            0.9375,
            0.9725,
            0.965,
            0.97,
            0.98,
            0.9725,
            0.975,
            0.9675,
            0.9825,
            0.9625,
            0.975,
            0.9875,
            0.9725,
            0.9825,
            0.985,
            0.9925,
            0.975,
            0.99,
            0.985,
            0.985,
            0.9925,
            0.995,
            0.9875,
            0.99,
            0.99,
            0.99,
            0.985,
            0.975,
            0.9675
        ],
        "train_loss": [
            1.0171377270510702,
            0.5005688404269291,
            0.2358112365402507,
            0.16798122060682738,
            0.14073047672652386,
            0.1121453139789854,
            0.09932651401807864,
            0.09367663246777022,
            0.08442794947151208,
            0.09236645438905919,
            0.0798113551484703,
            0.06509550810777441,
            0.0650640605511426,
            0.07464176120949119,
            0.065398055587359,
            0.05073039357684496,
            0.04564320770617941,
            0.051276930209221035,
            0.042343926341731494,
            0.04755070708889627,
            0.03877156746668995,
            0.04751766032705112,
            0.03176769550367625,
            0.03529560803717962,
            0.03338303162352972,
            0.036588600231246375,
            0.02368288751688052,
            0.022214990376431324,
            0.024611590672451934,
            0.03069346166431029
        ],
        "val_loss": [
            0.6315779055540378,
            0.20129481187233558,
            0.09430774838591997,
            0.09067524672270967,
            0.07305334168128096,
            0.05626643655033639,
            0.06179876116892466,
            0.05538781515609186,
            0.06967720868012223,
            0.04516769374514787,
            0.07702345378213347,
            0.07067915417540532,
            0.0411778186272176,
            0.07548298294288823,
            0.05036304357613867,
            0.03370041066059807,
            0.026663701170316648,
            0.059593997264388375,
            0.03359907049161848,
            0.03121340479405122,
            0.05548404051275541,
            0.03685031378825862,
            0.022729698303289927,
            0.02950650724457004,
            0.028650568216107786,
            0.028157882019373713,
            0.03357496422414932,
            0.055292998737198874,
            0.07736963693101782,
            0.099406783807983
        ],
        "final_acc": 0.9675
    },
    "ResNet18": {
        "train_acc": [
            0.5497619047619048,
            0.8171428571428572,
            0.8814285714285715,
            0.9173809523809524,
            0.9302380952380952,
            0.9461904761904761,
            0.9426190476190476,
            0.9526190476190476,
            0.9526190476190476,
            0.9547619047619048,
            0.9614285714285714,
            0.9538095238095238,
            0.9564285714285714,
            0.9630952380952381,
            0.9616666666666667,
            0.9604761904761905,
            0.965952380952381,
            0.9680952380952381,
            0.9669047619047619,
            0.9626190476190476,
            0.969047619047619,
            0.9657142857142857,
            0.9673809523809523,
            0.9673809523809523,
            0.9671428571428572,
            0.9726190476190476,
            0.9742857142857143,
            0.9726190476190476,
            0.9661904761904762,
            0.9685714285714285,
            0.975,
            0.9683333333333334,
            0.9726190476190476,
            0.9738095238095238,
            0.9733333333333334,
            0.9747619047619047,
            0.9752380952380952,
            0.9730952380952381,
            0.9730952380952381,
            0.9676190476190476,
            0.9771428571428571,
            0.975,
            0.9752380952380952,
            0.9759523809523809,
            0.9745238095238096,
            0.9773809523809524,
            0.9759523809523809,
            0.9759523809523809,
            0.9788095238095238,
            0.9735714285714285
        ],
        "val_acc": [
            0.7625,
            0.87,
            0.9225,
            0.9425,
            0.93,
            0.96,
            0.955,
            0.9625,
            0.9675,
            0.97,
            0.975,
            0.965,
            0.9825,
            0.9825,
            0.9875,
            0.98,
            0.985,
            0.985,
            0.98,
            0.985,
            0.9875,
            0.9875,
            0.9825,
            0.9875,
            0.985,
            0.985,
            0.985,
            0.9825,
            0.985,
            0.9825,
            0.985,
            0.9825,
            0.985,
            0.985,
            0.9825,
            0.9825,
            0.9825,
            0.985,
            0.985,
            0.9875,
            0.9825,
            0.9825,
            0.99,
            0.9825,
            0.9775,
            0.985,
            0.9875,
            0.985,
            0.985,
            0.9875
        ],
        "train_loss": [
            1.15401217296268,
            0.8145075047558005,
            0.6303127252242782,
            0.5163276001359477,
            0.4394001511461807,
            0.3814268737579837,
            0.3538600487465208,
            0.3151852104699973,
            0.28581769572514476,
            0.2644617101459792,
            0.24313708394765854,
            0.23819271847605705,
            0.22220544031623637,
            0.20967587715748584,
            0.20302772600993965,
            0.19768906779813045,
            0.1822624999013814,
            0.17557550594210625,
            0.1730424202978611,
            0.16815868127300884,
            0.15548579310151664,
            0.15537917664782566,
            0.15439700764237027,
            0.15080913720708905,
            0.14484742757948962,
            0.13288130074965232,
            0.13400420947282604,
            0.1311780275551207,
            0.13722843467963464,
            0.13337537841024724,
            0.12183927425719572,
            0.12640193409540437,
            0.12008899145505646,
            0.11740859699520198,
            0.11171025830800786,
            0.11189717474873319,
            0.11097115845504132,
            0.1097237275574695,
            0.11129372287541628,
            0.12063066734734809,
            0.10058105031423496,
            0.09939742088317871,
            0.10393399969589981,
            0.09881935006176884,
            0.10489381005931081,
            0.09674684502974604,
            0.09757029002701695,
            0.09467340180311691,
            0.09370048054860848,
            0.09675465433886557
        ],